Name,Account,Amount
balances.Deposit,HP8qJ8P4u4W2QgsJ8jzVuSsjfFTT6orQomFD6eTRSGEbiTK,200000000
balances.Deposit,GweeXog8vdnDhjiBCLVvbE4NA4CPTFS3pdFFAFwgZzpUzKu,200000000
balances.Deposit,G7mWyu1Pom5XreLHUzDEcvFp6WaMuLuo4QKxtDB9yJZnH69,200000000
balances.Deposit,DAT4gSgyMskggCmTQKfEM6hQgRy1NWdhtfMTAuPLsUAGUPy,200000000
balances.Deposit,Eodfj4xjkw8ZFLLSS5RfP6vCMw8aM6qfM7BfeQMf6ivFWHy,200000000
balances.Deposit,HhNCj8er5ER15u63dB2Kg6iNBskMpvsq4hhUTFjSEfd1LyK,200000000
balances.Deposit,DaJVDQx84RaXqayh6Co2BzrQwPXtV6DEg62RBudB3ZgSgEc,200000000
balances.Deposit,EXHRoKfGoCe414hrzYbG8SNCNVgBxSpu6rHUBkPNtZcj3om,200000000
balances.Deposit,DdKgwiN1Y8QyD8KF3t2GsuWhk4JXYFCjWvniP3x45BoBVqh,200000000
balances.Deposit,EDkyLR1J19e9agASF6PK649jiheqD95tRweFNyzTg11Xug4,200000000
balances.Deposit,GHE9h164PjZzdpLVgMmiYUx3KJHxGvevUns6n8YN8KGMPVZ,200000000
balances.Deposit,E346pvnjqJrMhP34GGskn4HU9w6WQmrtvtpJA66xDj3Tq68,200000000
balances.Deposit,FDDy3cQa7JXiChYU2xq1B2WUUJBpZpZ51qn2tiN1DqDMEpS,200000000
balances.Deposit,FDDy3cQa7JXiChYU2xq1B2WUUJBpZpZ51qn2tiN1DqDMEpS,200000000
balances.Deposit,FAGzHVggwv1QRmkGjom1Foc24jzZS1CJGcWUzrGdW8FyXEm,200000000
balances.Deposit,FAGzHVggwv1QRmkGjom1Foc24jzZS1CJGcWUzrGdW8FyXEm,200000000
balances.Deposit,H6bJZpE7PTFZgkLWGbeP3D1PqPGsFGqYAArFYa3ksCskmbt,200000000
balances.Deposit,Hnfd2bJ224FQugYsaDvoj4v46HJieMeLe9UQzWtUR7wf5dh,200000000
balances.Deposit,DimyMqRfrnqudRLVf5TxAM3T7X23PKvFDp85DDGabFKMQ2a,200000000
balances.Deposit,DB2mp5nNhbFN86J9hxoAog8JALMhDXgwvWMxrRMLNUFMEY4,200000000
balances.Deposit,Fk3yTFztZdZa4a7yBpisz9ceMyjgYLtZ9CKSCfFNVhoW2ZC,200000000
balances.Deposit,DTLcUu92NoQw4gg6VmNgXeYQiNywDhfYMQBPYg2Y1W6AkJF,200000000
balances.Deposit,DimyMqRfrnqudRLVf5TxAM3T7X23PKvFDp85DDGabFKMQ2a,200000000
balances.Deposit,FiHWU9AjN7z2no8zyiVEXtiTE46izxDgEcF1KM4r2r1GK59,200000000
balances.Deposit,Hadx1N8xZq6tRtXWkm6s5madXTXqVhauDNmesZnpMYTufcv,200000000
balances.Deposit,CpLZA1ebDJPYvK9fx6e8rPzJX9yn9x2Gey9S6PpBbTrpnXY,200000000
balances.Deposit,HedLwr1CHmab4QAyoVtxub6kdZDT2YkPDaXawpwfhuCVFjN,200000000
balances.Deposit,GAfhRsNqB9hwEmRFPhMZCvicFJ1kVtRF3UChYyKHq612ZV9,200000000
balances.Deposit,FJaSzBUAJ1Nwa1u5TbKAFZG5MBtcUouTixdP7hAkmce2SDS,200000000
balances.Deposit,EoeAhrhJv2p6Sg5T67mxkLwrPnjKbH7iZSh8q1JTyvELvrR,200000000
balances.Deposit,Fk6p456PTU6Sju2b83Cy8rU3NGFsXmWk9BrcqaMqhWW1jWf,200000000
balances.Deposit,Fk6p456PTU6Sju2b83Cy8rU3NGFsXmWk9BrcqaMqhWW1jWf,200000000
balances.Deposit,Gk6v5CXUy2cPMtVxXtN7ZUn7K5y7UFEm78xp98Uatjt2yuV,200000000
balances.Deposit,D3ii6afqaMSFvw8R2NExE1qGQ8EawDsXTduSVm9y51K3Jnb,200000000
balances.Deposit,EtgM5E6pecndYpKCLkfYeRfKSmVxT1mVvaxceJFnhuKqTpG,200000000
balances.Deposit,EaWWcRin5KwuXYFZA7ANuMCydQHjM5MofStJGusASGeXrrs,200000000
balances.Deposit,GCsSfxv6h9mQ27s93ggBwzfguT6V61kmh8iadKSXAgQgKs5,200000000
balances.Deposit,FmQHyUXoRkGTRySqVUy7NBAVhkKFvTtRtkzVTjZgBzbDzum,200000000
balances.Deposit,E346pvnjqJrMhP34GGskn4HU9w6WQmrtvtpJA66xDj3Tq68,200000000
balances.Deposit,Hbh1PWzxAeBK8LfCvgajTCZWrJHJnzy7m4xoACN2zCZRUC2,200000000
balances.Deposit,FmQHyUXoRkGTRySqVUy7NBAVhkKFvTtRtkzVTjZgBzbDzum,200000000
balances.Deposit,FAGzHVggwv1QRmkGjom1Foc24jzZS1CJGcWUzrGdW8FyXEm,200000000
balances.Deposit,F5bKg43gmapA6s1uYfZG7ERSiiJ6XX1nLtrThdoQfkZcyGy,200000000
balances.Deposit,HedLwr1CHmab4QAyoVtxub6kdZDT2YkPDaXawpwfhuCVFjN,200000000
balances.Deposit,DAT4gSgyMskggCmTQKfEM6hQgRy1NWdhtfMTAuPLsUAGUPy,200000000
balances.Deposit,FJ68vDYXj1A7QxHKf6j7qcCdShrU2o5A2sZ3y5w4Rst2d3a,200000000
balances.Deposit,GybYig8gsMn1gPtTbdhRqtQ7VxSkuNd57rXhSMrBLviZwKM,200000000
balances.Deposit,DGiLC1uvohfgHiirDtsr5HJRYXUFy9NdXj6YC6azcaRpvJZ,200000000
balances.Deposit,EFjHdypk8xLf3ocDEFPaKFWVcfamH8mpvfUeXHvRWpSBk2M,200000000
balances.Deposit,DiUYgG4o2MZg9SwZcEekbXTeGkkWfzXnkTEXKmRx1xZEVY4,200000000
balances.Deposit,J2HVhQBYpx5PkyxHYLsp555pvWzc2zvGfNUnTwgzvRqVGqm,200000000
balances.Deposit,CiwMY9rBBUnUw8Wr14itjHKGz3e5rBKtyJJe25vw5iqgs7B,200000000
balances.Deposit,DdKgwiN1Y8QyD8KF3t2GsuWhk4JXYFCjWvniP3x45BoBVqh,200000000
balances.Deposit,DSTAS3WWKRU65keRD59WNDfECVaZ8YFPFUo8tVVmhb6Xb6v,200000000
balances.Deposit,Foc4anJqDfTMY3CvpCZzK9kUSudwc2oUTJ19K1E3JYFKy9j,200000000
balances.Deposit,G7eJUS1A7CdcRb2Y3zEDvfAJrM1QtacgG6mPD1RsPTJXxPQ,200000000
balances.Deposit,G2VeiHKf8pna2NRpdQ47XoRc4LL4ezQHABPmh865VSN7rTD,200000000
balances.Deposit,DwZBcfHnJtRmR7P23VgHQEzaeGPXQvH8jDvuob2qiyTHJMM,200000000
balances.Deposit,Cs1jHXYHxZyWKsGPvYY1BknhLdpNa1iXGja4Kn8hQZs7BsH,200000000
balances.Deposit,G7mWyu1Pom5XreLHUzDEcvFp6WaMuLuo4QKxtDB9yJZnH69,200000000
balances.Deposit,HqHeKZnc38rX2BJrmJiXfkqHUEUn56B9Nck6WgdiGeKUYBE,200000000
balances.Deposit,GZ5xCKCC8JRpJSMgAoDJAFAuQV8gD9Xz2cJca4mR7oRhzL9,200000000
balances.Deposit,GCNHHRBtpDcgADCaRPMNNk52JiitGrcv3DMQxwE6owXAfbt,200000000
balances.Deposit,Eg3bZatVC6aEnVnAjTiokiiECMH8dPVhw1vg5VB64VKgNrs,200000000
balances.Deposit,Gk6v5CXUy2cPMtVxXtN7ZUn7K5y7UFEm78xp98Uatjt2yuV,200000000
balances.Deposit,HcdW2utT6pK74WHgLMhLMadoUqqdtTLy9CzuYNXUVkb9SdN,200000000
balances.Deposit,EaWWcRin5KwuXYFZA7ANuMCydQHjM5MofStJGusASGeXrrs,200000000
balances.Deposit,GZ5xCKCC8JRpJSMgAoDJAFAuQV8gD9Xz2cJca4mR7oRhzL9,200000000
balances.Deposit,Dmn4KUPZUCvDN5Qx8XZ6Ahn6wFSwvA3ZnRARXZZEiRzHdqj,200000000
balances.Deposit,HnWZYpCsgvnfnzmJh5PLYYvWP9MMkyoCvGDPay92NTFbqpX,200000000
balances.Deposit,DB2mp5nNhbFN86J9hxoAog8JALMhDXgwvWMxrRMLNUFMEY4,200000000
balances.Deposit,HgWWnAXFGikrPVD2FrZ6CRk7KnYdVDn7zVyye8hqFPMc5g1,200000000
balances.Deposit,Eksma7JmWh8DenpNKi2uCavwaKJ9QrJJbtcnmwJr3hbHSmC,200000000
balances.Deposit,CaRYnYy5JVW248MhNXxLb9NDaX7BWNE32vJfJKtQYY2bnqc,200000000
balances.Deposit,HpvND7GR7gZYd42wkrxuLT7XjtozV3BZQh2wBDkh8cc9KwH,200000000
balances.Deposit,DrkY92Yq67zJ7T8XWN7SAXbnNDJhzkADutwhhhPyW3tQKTw,200000000
balances.Deposit,Few2tfYD3wfyQXPCVkiqK8UGfuj5FK6ecadwfAmJQHBtASX,200000000
balances.Deposit,DGC4rANssfdpry7FQFznHo2b3QbDHyQZM58esJU6RskB41y,200000000
balances.Deposit,GbpLB9AZwVBBfecbMoTv3HCVb6irwN6y5YeA7uDNoUuRFrL,200000000
balances.Deposit,Cp4U5UYg2FaVUpyEtQgfBm9aqge6EEPkJxEFVZFYy7L1AZF,200000000
balances.Deposit,DiUYgG4o2MZg9SwZcEekbXTeGkkWfzXnkTEXKmRx1xZEVY4,200000000
balances.Deposit,CiwMY9rBBUnUw8Wr14itjHKGz3e5rBKtyJJe25vw5iqgs7B,200000000
balances.Deposit,CpLZA1ebDJPYvK9fx6e8rPzJX9yn9x2Gey9S6PpBbTrpnXY,200000000
balances.Deposit,ED8SS6LiptDbQZDrHCE1heKjrK6KRUz4xV95PgSba8JUvh3,200000000
balances.Deposit,EDcqtP9vMNrk7PHEbSw1TVgccE3s2mG1xPnbvsQrJ8CWvD2,200000000
balances.Deposit,JHTXKwYBhRZKWPW3nbtwtfE8dfRDYCS65cJXueMhg11k4cs,200000000
balances.Deposit,GCsSfxv6h9mQ27s93ggBwzfguT6V61kmh8iadKSXAgQgKs5,200000000
balances.Deposit,GC8hwHbQ4TdbYJJPDS96G7Uj9bivnW5z56UEkqujjwhQPp5,200000000
balances.Deposit,FhmaBgRFjZYFUWJp91ZHUbuW2Dm32VH4BVhnRQJqfpMmEok,200000000
balances.Deposit,EDcqtP9vMNrk7PHEbSw1TVgccE3s2mG1xPnbvsQrJ8CWvD2,200000000
balances.Deposit,GCsSfxv6h9mQ27s93ggBwzfguT6V61kmh8iadKSXAgQgKs5,200000000
balances.Deposit,DuRV4MSm54UoX3MpFe3P7rxjBFLfnKRThxG66s4n3yF8qbJ,200000000
balances.Deposit,HvuKoPxdDqFsptnistbe23WrvTrQ63xyHXJ89natRebLQ1A,200000000
balances.Deposit,GAGRzQ6ANDQ6WukKVVF84WyZDWrzAoVBFNCwrTd79Gtzeix,200000000
balances.Deposit,H4oBKpy6PW6zns93rJvQTBWb3sKSpFw5Cf56zkaNGyjgbyc,200000000
balances.Deposit,H4oBKpy6PW6zns93rJvQTBWb3sKSpFw5Cf56zkaNGyjgbyc,200000000
balances.Deposit,Cs1jHXYHxZyWKsGPvYY1BknhLdpNa1iXGja4Kn8hQZs7BsH,200000000
balances.Deposit,JKjFSGnsXeqhhPgvBmKb6vUnrTZHu17eydEDnpcorCnZXLG,200000000
balances.Deposit,FAp5gVpwhwdmnJ1Ycet9z6Uva5tnfyCfA3AaY7WGi7u3DU4,200000000
balances.Deposit,HhNCj8er5ER15u63dB2Kg6iNBskMpvsq4hhUTFjSEfd1LyK,200000000
balances.Deposit,FRbyyQ55VCnCA3zXPjibseiAYKPhpVo5cDVFaboKw182qYb,200000000
balances.Deposit,FMQUdmpAgZmLMG8TWeZTs8cpMchZrB9WGbJQQf83HaCnwYB,200000000
balances.Deposit,H4Szoc2sxXxBTF1x88pDj9DCYERFvn4oqzQNsV7y89FnD1g,200000000
balances.Deposit,FyRaMYvPqpNGq6PFGCcUWcJJWKgEz29ZFbdsnoNAczC2wJZ,200000000
balances.Deposit,Gq4V2SSoTv2eyARrbeZ24YBDkudSuqdm7kDm8yYGk3kxEet,200000000
balances.Deposit,FBichC4g5HBmdWCu3ebdADWQbvjbN7KdodNKWBYpLFgxCcd,200000000
balances.Deposit,E346pvnjqJrMhP34GGskn4HU9w6WQmrtvtpJA66xDj3Tq68,200000000
balances.Deposit,EkzrzBghRwwupzkZUbZE2TAFT59B1izLS3UDPW8GYPWA4JK,200000000
balances.Deposit,CczSz9z41uHpftVviWz91TgjLe3SmbvXfbAc958cjy7F6Qs,200000000
balances.Deposit,GxujeV9rVRqsQHMbTiAiHATuZyrcHC68ZUJHtqS4LufuWLk,200000000
balances.Deposit,GA9YAVVeNdLsToSVa9beeEHtCUncqmT4Pov8h4faQQKR9Fv,200000000
balances.Deposit,J2HVhQBYpx5PkyxHYLsp555pvWzc2zvGfNUnTwgzvRqVGqm,200000000
balances.Deposit,HeCK315sYXruJvZKB5uXtEBnpWwYHFaKfNNZ54G76Qr7Nkn,200000000
balances.Deposit,FmQHyUXoRkGTRySqVUy7NBAVhkKFvTtRtkzVTjZgBzbDzum,200000000
balances.Deposit,HKnRS3RryHjzTHGu42u6BtVp2cNuYoRVnrUJGeRAKqagsKY,200000000
balances.Deposit,Cwr82cUKvfgnQSnLeN84CmtNaUGjYBD2qaBjsTxG43ZNh2M,200000000
balances.Deposit,ESRBbWstgpPV1pVBsqjMo717rA8HLrtQvEUVwAGeFZyKcia,200000000
balances.Deposit,DaWieD32YURfqDC2jiQYbnXNWvPPGxF6XLH55Gk3ccBdjFy,200000000
balances.Deposit,H4oBKpy6PW6zns93rJvQTBWb3sKSpFw5Cf56zkaNGyjgbyc,200000000
balances.Deposit,JDA8ByXeJcn2BfNabC6WbBJKEBwM4k7oBVenVgJdzL32RJc,200000000
balances.Deposit,D5NGokAYvFZmvFynjApN2DG4r1H1cQ9pyum7KC3KmtDYLkn,200000000
balances.Deposit,D5NGokAYvFZmvFynjApN2DG4r1H1cQ9pyum7KC3KmtDYLkn,200000000
balances.Deposit,F7Wa1su7NRSr6LWuhPWdXcQALDyzm8Vmev7WtV5jVPtJELs,200000000
balances.Deposit,Dmn4KUPZUCvDN5Qx8XZ6Ahn6wFSwvA3ZnRARXZZEiRzHdqj,200000000
balances.Deposit,DfiSM1qqP11ECaekbA64L2ENcsWEpGk8df8wf1LAfV2sBd4,200000000
balances.Deposit,GA9YAVVeNdLsToSVa9beeEHtCUncqmT4Pov8h4faQQKR9Fv,200001667
balances.Deposit,CmfwTdJ1F7Qd2HLAQ6A8FdNtz9hKvTMr2FkWtBQR1vECYjo,200000000
balances.Deposit,E8MhgpapcCqr5tnT5xmJnYX8Kuc85HaM4T2q23Cf3iqQCrX,200000000
balances.Deposit,HnWZYpCsgvnfnzmJh5PLYYvWP9MMkyoCvGDPay92NTFbqpX,200000000
balances.Deposit,HP8qJ8P4u4W2QgsJ8jzVuSsjfFTT6orQomFD6eTRSGEbiTK,200000000
balances.Deposit,Ewuf7jpvMRWWkUHpc6tPsHa2BUVv4avskPyhFo44er2e4PJ,200000000
balances.Deposit,Gw8h4xEHfm1icL35tJ98cZYgRKVK1MVfL9fbPkFbb5tmqSM,200000000
balances.Deposit,G7eJUS1A7CdcRb2Y3zEDvfAJrM1QtacgG6mPD1RsPTJXxPQ,200000000
balances.Deposit,FhmaBgRFjZYFUWJp91ZHUbuW2Dm32VH4BVhnRQJqfpMmEok,200000000
balances.Deposit,Cs1jHXYHxZyWKsGPvYY1BknhLdpNa1iXGja4Kn8hQZs7BsH,200000000
balances.Deposit,FhmaBgRFjZYFUWJp91ZHUbuW2Dm32VH4BVhnRQJqfpMmEok,200000000
balances.Deposit,HR2uzUvdSnidW3cNr7eJ4uz1WBNHUZnrxkFTAKCp61xWeza,200000000
balances.Deposit,J2HVhQBYpx5PkyxHYLsp555pvWzc2zvGfNUnTwgzvRqVGqm,200000000
balances.Deposit,FiBHHbxDiVysvn5YBV78YFVUUykZRfQYhjxymu8VXnTqNMr,200000000
balances.Deposit,E5Qo7ZrDbgJeHGQ1hSRA7pwJV8YxSi6TNcvQg4aNDCZ91b2,200000000
balances.Deposit,Ed1bKg6eEr1rmzhWTUHkAH5RWuyNP3Eh3QAnPR4znXsCpjG,200000000
balances.Deposit,JHTXKwYBhRZKWPW3nbtwtfE8dfRDYCS65cJXueMhg11k4cs,200000000
balances.Deposit,HA5jB52fFL1v4EoEHV4WgEiFZr7wGLiuBDZtSmnwKypvat7,200000000
balances.Deposit,FzBBpxixSuZkeXxXeiUbvFYxcd3JAP5BEAcgDuhRudJTwmZ,200000000
balances.Deposit,F7BeW4g5ViG8xGJQAzguGPxiX9QNdoPNc3YqF1bV8d9XkVV,200000000
balances.Deposit,ESRBbWstgpPV1pVBsqjMo717rA8HLrtQvEUVwAGeFZyKcia,200000000
balances.Deposit,FrFq3P2pYTTidsCb9JHGY5WAg7QqpkK7s2iR9bC75Pyad3K,200000000
balances.Deposit,H4V7fZJPLiGtBvQfsadb7oGfV1StiXJTuca76Daa449rz27,200000000
balances.Deposit,FDGCEYyHNh7u5Wx5UbC98aHXeaJ7J4TwQPK8YtEQPTjp1Cz,200000000
balances.Deposit,Cp4U5UYg2FaVUpyEtQgfBm9aqge6EEPkJxEFVZFYy7L1AZF,200000000
balances.Deposit,F4LocUbsPrcC8xVap4wiTgDakzn3xFyXneuYDHRaHxnb6dH,200000000
balances.Deposit,Gt6HqWBhdu4Sy1u8ASTbS1qf2Ac5gwdegwr8tWN8saMxPt5,200000000
balances.Deposit,Hadx1N8xZq6tRtXWkm6s5madXTXqVhauDNmesZnpMYTufcv,200000000
balances.Deposit,FJaSzBUAJ1Nwa1u5TbKAFZG5MBtcUouTixdP7hAkmce2SDS,200000000
balances.Deposit,ErhkFXudde5xXFVMGUtNpiPLvZ9zcvqM3ueRLukDdpjszys,200000000
balances.Deposit,GC8hwHbQ4TdbYJJPDS96G7Uj9bivnW5z56UEkqujjwhQPp5,200000000
balances.Deposit,FiBHHbxDiVysvn5YBV78YFVUUykZRfQYhjxymu8VXnTqNMr,200000000
balances.Deposit,F2FafDtkrWCRF9r9YQFSvkp83LgtQ7MdZw7EgjrwU3bgCZr,200000000
balances.Deposit,EaWWcRin5KwuXYFZA7ANuMCydQHjM5MofStJGusASGeXrrs,200000000
balances.Deposit,FSfBJoCU9sRhCYWwQ55iBNGU5L8eu56iGnYGK9zizHxu8dY,200000000
balances.Deposit,ESRBbWstgpPV1pVBsqjMo717rA8HLrtQvEUVwAGeFZyKcia,200000000
balances.Deposit,GAfhRsNqB9hwEmRFPhMZCvicFJ1kVtRF3UChYyKHq612ZV9,200000000
balances.Deposit,ErVvRnhXrJS7W9rTtnDECpZTFyLACtDcXEPtzEyYw4b8zcg,200000000
balances.Deposit,F2GF2vuTCCmx8PnUNpWHTd5hTzjdbufa2uxdq2uT7PC5s9k,200000000
balances.Deposit,D3bm5eAeiRezwZp4tWTX4sZN3u8nXy2Fo21U59smznYHu3F,200000000
balances.Deposit,Cvzb8Kjs7SJBbx8oXDJzm9Um5jjqxo22QSyXLijmiGhEAKH,200000000
balances.Deposit,FiHWU9AjN7z2no8zyiVEXtiTE46izxDgEcF1KM4r2r1GK59,200000000
balances.Deposit,E457XaKbj2yTB2URy8N4UuzmyuFRkcdxYs67UvSgVr7HyFb,200000000
balances.Deposit,Cvzb8Kjs7SJBbx8oXDJzm9Um5jjqxo22QSyXLijmiGhEAKH,200000000
balances.Deposit,FzBBpxixSuZkeXxXeiUbvFYxcd3JAP5BEAcgDuhRudJTwmZ,200000000
balances.Deposit,FRbyyQ55VCnCA3zXPjibseiAYKPhpVo5cDVFaboKw182qYb,200000000
balances.Deposit,J6RoE9MSpnZhX7hniJAJjBCcTqpr49SNhLvaVeJgFd69TJZ,200000000
balances.Deposit,HqGhgHg6YvnhaXSnaAUvyTDiR4FirB6Ssh2XNDedTzwCDv2,200000000
balances.Deposit,FJaSzBUAJ1Nwa1u5TbKAFZG5MBtcUouTixdP7hAkmce2SDS,200000000
balances.Deposit,D5Xo7N2jginhYchuMNud2dYtby899koFcaRo2YWNmUquo5H,200000000
balances.Deposit,CriM9ADovQHPwgv3NF2v1ey6hCv9jTASpvmWy7zjEVycUoP,200000000
balances.Deposit,EicrAEbyauqktQpp4CdvsF2CQy3Ju7tGGMohj3h5sAPnKHL,200000000
balances.Deposit,DaWieD32YURfqDC2jiQYbnXNWvPPGxF6XLH55Gk3ccBdjFy,200000000
balances.Deposit,DmTzGAndAch8kXngopH69bcQCjYTukbp5Vh9SpJyiGfouwp,200000000
balances.Deposit,F2FafDtkrWCRF9r9YQFSvkp83LgtQ7MdZw7EgjrwU3bgCZr,200000000
balances.Deposit,G7mWyu1Pom5XreLHUzDEcvFp6WaMuLuo4QKxtDB9yJZnH69,200000000
balances.Deposit,FAp5gVpwhwdmnJ1Ycet9z6Uva5tnfyCfA3AaY7WGi7u3DU4,200000000
balances.Deposit,CaRYnYy5JVW248MhNXxLb9NDaX7BWNE32vJfJKtQYY2bnqc,200000000
balances.Deposit,DGC4rANssfdpry7FQFznHo2b3QbDHyQZM58esJU6RskB41y,200000000
balances.Deposit,HnWZYpCsgvnfnzmJh5PLYYvWP9MMkyoCvGDPay92NTFbqpX,200000000
balances.Deposit,DBRXBqJqK41stDE8dvaLMXGq5hQpr4PQ6VkkudpBYDYBYae,200000000
balances.Deposit,F7BeW4g5ViG8xGJQAzguGPxiX9QNdoPNc3YqF1bV8d9XkVV,200000000
balances.Deposit,Ed1bKg6eEr1rmzhWTUHkAH5RWuyNP3Eh3QAnPR4znXsCpjG,200000000
balances.Deposit,HshTdrZiSJntTRh5oNytD2QuT38VDJHoGQmfcrtrZbViSGL,200000000
balances.Deposit,DAT4gSgyMskggCmTQKfEM6hQgRy1NWdhtfMTAuPLsUAGUPy,200000000
balances.Deposit,HedLwr1CHmab4QAyoVtxub6kdZDT2YkPDaXawpwfhuCVFjN,200000000
balances.Deposit,HedLwr1CHmab4QAyoVtxub6kdZDT2YkPDaXawpwfhuCVFjN,200000000
balances.Deposit,H4Szoc2sxXxBTF1x88pDj9DCYERFvn4oqzQNsV7y89FnD1g,200000000
balances.Deposit,ESRBbWstgpPV1pVBsqjMo717rA8HLrtQvEUVwAGeFZyKcia,200000000
balances.Deposit,CiwMY9rBBUnUw8Wr14itjHKGz3e5rBKtyJJe25vw5iqgs7B,200000000
balances.Deposit,EonK7NScfhd7ZRfgnLhm4cKRFJWK1z59zPximUZRg8VjHQj,200000000
balances.Deposit,F8DXBsUQrvVvL9AvkEqxykmy1AWcBcn2CqjG3nyzYRFVJeS,200000000
balances.Deposit,GZ5xCKCC8JRpJSMgAoDJAFAuQV8gD9Xz2cJca4mR7oRhzL9,200000000
balances.Deposit,GX1P66n4ZfwrjuvJEJodRKLDh2HqfV7oSt7gASddYx9eTZ2,200000000
balances.Deposit,Gx5PVdimURJUZa95SeiC284jNFW8xHgXrELL2X8tD8LYmwB,200000000
balances.Deposit,DbuPiksDXhFFEWgjsEghUypTJjQKyULiNESYji3Gaose2NV,200000000
balances.Deposit,G543pxmwKNAbW2WepZW7Ss9Wgx9wuDQWcPyhk4eEzpzcibG,200000000
balances.Deposit,GRzsaGxLApkBfsUSCHKLnxhe4QECX4E2kQ5LuV4qqcijN2B,200000000
balances.Deposit,DzFnjVVVwqgtviDZBJ58UPJubZQXUHgrYZ1vvYG9YKtrFPs,200000000
balances.Deposit,EDxNWNGPVcDsUBJs4FJSL8JfNWTu9rXzxHY4C469z8Eb44d,200000000
balances.Deposit,HqGhgHg6YvnhaXSnaAUvyTDiR4FirB6Ssh2XNDedTzwCDv2,200092202
balances.Deposit,G7Ur4BnMSfP2qE7ruSob5gwGQ5nzkGWu7Yqh14FcMqnDtgB,200000000
balances.Deposit,EDxNWNGPVcDsUBJs4FJSL8JfNWTu9rXzxHY4C469z8Eb44d,200000000
balances.Deposit,HgWWnAXFGikrPVD2FrZ6CRk7KnYdVDn7zVyye8hqFPMc5g1,200000000
balances.Deposit,EXS1FwCt9YvUMpqqrG7BUUonhoFDkqnHXPrHfSCATYvQCUc,200000000
balances.Deposit,HRMhY2CtVMp2yVSieKvq8Y8FHAhRKrGGMd6MoQe3iN6uJ2D,200000000
balances.Deposit,ELhnYFneiAP819s1t7Zmn4rs1tBbcrWVnkeGw4JYKdVp6jL,200000000
balances.Deposit,EkXqBmacCbg6c5Y3q6VycAWk6i32E4yV6SVJnD6LtpFNtNc,200000000
balances.Deposit,FtqCc5yLcLc1FkLyftyNuCtYFCudo3unwwPQLzCbnWppjoc,200000000
balances.Deposit,F2GF2vuTCCmx8PnUNpWHTd5hTzjdbufa2uxdq2uT7PC5s9k,200000000
balances.Deposit,HgWWnAXFGikrPVD2FrZ6CRk7KnYdVDn7zVyye8hqFPMc5g1,200000000
balances.Deposit,FAtJupteW5urNYVQvUcLaw2X9xtdwjumK2gvJpuBnAwFHvq,200000000
balances.Deposit,F8DXBsUQrvVvL9AvkEqxykmy1AWcBcn2CqjG3nyzYRFVJeS,200000000
balances.Deposit,HnWZYpCsgvnfnzmJh5PLYYvWP9MMkyoCvGDPay92NTFbqpX,200000000
balances.Deposit,EoeAhrhJv2p6Sg5T67mxkLwrPnjKbH7iZSh8q1JTyvELvrR,200000000
balances.Deposit,HshTdrZiSJntTRh5oNytD2QuT38VDJHoGQmfcrtrZbViSGL,200000000
balances.Deposit,H9frGRPc5zHvBKDDNTxPCcc1MNLAQUMm931qhDdnG6AGA1a,200000000
balances.Deposit,GCNHHRBtpDcgADCaRPMNNk52JiitGrcv3DMQxwE6owXAfbt,200000000
balances.Deposit,Db2P54HPMkR8kqbP5RfWuXRFKhZ8NLQ77aT7VBZYfpKqTGP,200000000
balances.Deposit,FWpcnzFXpZPy3UQ5kh66b77sYg4NA4rREqrZQvuswrKkrRJ,200000000
balances.Deposit,FFdDXFK1VKG5QgjvqwxdVjo8hGrBveaBFfHnWyz1MAmLL82,200000000
balances.Deposit,EafgFRX24PTgJAjGoaDuQLXQiLX4daSFQQttzGVticSD18o,200000000
balances.Deposit,CczSz9z41uHpftVviWz91TgjLe3SmbvXfbAc958cjy7F6Qs,200000000
balances.Deposit,D3ii6afqaMSFvw8R2NExE1qGQ8EawDsXTduSVm9y51K3Jnb,200000000
balances.Deposit,GAfhRsNqB9hwEmRFPhMZCvicFJ1kVtRF3UChYyKHq612ZV9,200000000
balances.Deposit,Etij9aH36W1NjjWbR7wB5j41CmfpqAx8D4V4HCJhUydSH9Y,200000000
balances.Deposit,EzR9J3Afvash2tYCk8ZZwPYyq3zy92adVUXKcYjbYN46JWL,200000000
balances.Deposit,HgWWnAXFGikrPVD2FrZ6CRk7KnYdVDn7zVyye8hqFPMc5g1,200000000
balances.Deposit,EtJ4HxHYEDvYWRJAdmV4hYpTbGMJCmEgnLC8zAf6u5ZyT7C,200000000
balances.Deposit,FyRaMYvPqpNGq6PFGCcUWcJJWKgEz29ZFbdsnoNAczC2wJZ,200000000
balances.Deposit,FtqCc5yLcLc1FkLyftyNuCtYFCudo3unwwPQLzCbnWppjoc,200000000
balances.Deposit,HedLwr1CHmab4QAyoVtxub6kdZDT2YkPDaXawpwfhuCVFjN,200000000
balances.Deposit,FXCgfz7AzQA1fNaUqubSgXxGh77sjWVVkypgueWLmAcwv79,200000000
balances.Deposit,HTrpbES27bqMvCioQGHpmJbBzwji6V5DeuXUfB1gsZ5Vkh1,200000000
balances.Deposit,GC8hwHbQ4TdbYJJPDS96G7Uj9bivnW5z56UEkqujjwhQPp5,200000000
balances.Deposit,GCiTn1UJQT9TE5iamqoKweVoWGRZr9DF8uKXL4cG98fXczf,200000000
balances.Deposit,GCiTn1UJQT9TE5iamqoKweVoWGRZr9DF8uKXL4cG98fXczf,200000000
balances.Deposit,G7Ur4BnMSfP2qE7ruSob5gwGQ5nzkGWu7Yqh14FcMqnDtgB,200000000
balances.Deposit,FAtJupteW5urNYVQvUcLaw2X9xtdwjumK2gvJpuBnAwFHvq,200000000
balances.Deposit,HvuKoPxdDqFsptnistbe23WrvTrQ63xyHXJ89natRebLQ1A,200000000
balances.Deposit,Eksma7JmWh8DenpNKi2uCavwaKJ9QrJJbtcnmwJr3hbHSmC,200000000
balances.Deposit,H4Szoc2sxXxBTF1x88pDj9DCYERFvn4oqzQNsV7y89FnD1g,200000000
balances.Deposit,G2VeiHKf8pna2NRpdQ47XoRc4LL4ezQHABPmh865VSN7rTD,200000000
balances.Deposit,EzR9J3Afvash2tYCk8ZZwPYyq3zy92adVUXKcYjbYN46JWL,200000000
balances.Deposit,FrQ4W8Bo6wgXzkaGHLzVFSsfbWWHvqGGNP1YkRmTPSkN17J,200000000
balances.Deposit,HshTdrZiSJntTRh5oNytD2QuT38VDJHoGQmfcrtrZbViSGL,200000000
balances.Deposit,Cn5JwarKR2UNquGmts3M7VuRmxTtZd6RKEntjzHaypWaYxt,200000000
balances.Deposit,EPehck28w8fjRZCqZ3VZA7XpwGeipuVU4ETSwv7GkF5BdcG,200000000
balances.Deposit,FRbyyQ55VCnCA3zXPjibseiAYKPhpVo5cDVFaboKw182qYb,200000000
balances.Deposit,EZu6BFiirLjguLgF35Uz6Hm42z5fjKNjQh2zheipNRowHPr,200000000
balances.Deposit,JLG7wZHeen93CuNZvNBQ5yqvreEHim4ffVYnYxxo8a5wsG5,200000000
balances.Deposit,EUwcW86EFGDoDfUP2UJYuBwhCWC7cW9SdFH9cPh6UPBvBHj,200000000
balances.Deposit,FVMtBcMzgxmsqMUTPUB8nUTWt3seg9tAkurzrp1YJSarkw7,200000000
balances.Deposit,Cwr82cUKvfgnQSnLeN84CmtNaUGjYBD2qaBjsTxG43ZNh2M,200000000
balances.Deposit,D5Xo7N2jginhYchuMNud2dYtby899koFcaRo2YWNmUquo5H,200000000
balances.Deposit,Hbh1PWzxAeBK8LfCvgajTCZWrJHJnzy7m4xoACN2zCZRUC2,200000000
balances.Deposit,DxDFNGjNrTHWhes35E2ht7cJSNWpedoQzre6rVXBtMV3jjB,200000000
balances.Deposit,EqyCQvYn1cHBdzFVQHQeL1nHDcxHhjWR8V48KbDyHyuyCGV,200096782
balances.Deposit,EtkmcFRbBVakSYf8Fey3nUwrxqTZbrRNicG6nPNzXRtFEDU,200000000
balances.Deposit,H9frGRPc5zHvBKDDNTxPCcc1MNLAQUMm931qhDdnG6AGA1a,200000000
balances.Deposit,G7Ur4BnMSfP2qE7ruSob5gwGQ5nzkGWu7Yqh14FcMqnDtgB,200000000
balances.Deposit,Hnfd2bJ224FQugYsaDvoj4v46HJieMeLe9UQzWtUR7wf5dh,200000000
balances.Deposit,Cs7UFcNBsBV4Y65GsM3bDzpvinMKFQZyt6x9TrhVhc8ps4E,200000000
balances.Deposit,EafgFRX24PTgJAjGoaDuQLXQiLX4daSFQQttzGVticSD18o,200000000
balances.Deposit,Fk3yTFztZdZa4a7yBpisz9ceMyjgYLtZ9CKSCfFNVhoW2ZC,200000000
balances.Deposit,FLpAi7Zi4AB1JqJHWMrub4Umj4X73mZ5dAWE7Q6uS5e82pE,200000000
balances.Deposit,HedLwr1CHmab4QAyoVtxub6kdZDT2YkPDaXawpwfhuCVFjN,200000000
balances.Deposit,HedLwr1CHmab4QAyoVtxub6kdZDT2YkPDaXawpwfhuCVFjN,200000000
balances.Deposit,HedLwr1CHmab4QAyoVtxub6kdZDT2YkPDaXawpwfhuCVFjN,200000000
balances.Deposit,EUwcW86EFGDoDfUP2UJYuBwhCWC7cW9SdFH9cPh6UPBvBHj,200000000
balances.Deposit,EUwcW86EFGDoDfUP2UJYuBwhCWC7cW9SdFH9cPh6UPBvBHj,200000000
balances.Deposit,EUwcW86EFGDoDfUP2UJYuBwhCWC7cW9SdFH9cPh6UPBvBHj,200000000
balances.Deposit,EUwcW86EFGDoDfUP2UJYuBwhCWC7cW9SdFH9cPh6UPBvBHj,200000000
balances.Deposit,GTzRQPzkcuynHgkEHhsPBFpKdh4sAacVRsnd8vYfPpTMeEY,200000000
balances.Deposit,GTzRQPzkcuynHgkEHhsPBFpKdh4sAacVRsnd8vYfPpTMeEY,200000000
balances.Deposit,FzBcnE9XqgYMUx78Wt42PKpfpT8CXQwe1exbDb8wXozmDtK,200000000
balances.Deposit,FzBcnE9XqgYMUx78Wt42PKpfpT8CXQwe1exbDb8wXozmDtK,200000000
balances.Deposit,E457XaKbj2yTB2URy8N4UuzmyuFRkcdxYs67UvSgVr7HyFb,200000000
balances.Deposit,E457XaKbj2yTB2URy8N4UuzmyuFRkcdxYs67UvSgVr7HyFb,200000000
balances.Deposit,DmTzGAndAch8kXngopH69bcQCjYTukbp5Vh9SpJyiGfouwp,200000000
balances.Deposit,DmTzGAndAch8kXngopH69bcQCjYTukbp5Vh9SpJyiGfouwp,200000000
balances.Deposit,DmTzGAndAch8kXngopH69bcQCjYTukbp5Vh9SpJyiGfouwp,200000000
balances.Deposit,D3m9xdjL6NZMbffiUHfNHt1xsRAcjxsQ2adcn7wYA5vbkRw,200000000
balances.Deposit,E346pvnjqJrMhP34GGskn4HU9w6WQmrtvtpJA66xDj3Tq68,200000000
balances.Deposit,EaWWcRin5KwuXYFZA7ANuMCydQHjM5MofStJGusASGeXrrs,200000000
balances.Deposit,G2VeiHKf8pna2NRpdQ47XoRc4LL4ezQHABPmh865VSN7rTD,200000000
balances.Deposit,FhbVbN8VqQLnLkNX76nHAoBBDsC3Jych3k14WbUoJUBbGHr,200000000
balances.Deposit,D3bm5eAeiRezwZp4tWTX4sZN3u8nXy2Fo21U59smznYHu3F,200000000
balances.Deposit,G7Ur4BnMSfP2qE7ruSob5gwGQ5nzkGWu7Yqh14FcMqnDtgB,200000000
balances.Deposit,GFR16KpdcT1ykqN3j7RqMfywfUBoeCRf26hu8mPnBmFD4T5,200000000
balances.Deposit,FtqCc5yLcLc1FkLyftyNuCtYFCudo3unwwPQLzCbnWppjoc,200000000
balances.Deposit,Cvzb8Kjs7SJBbx8oXDJzm9Um5jjqxo22QSyXLijmiGhEAKH,200000000
balances.Deposit,H7FJ23U1Pm1wvPrNxaQHiDgW7xHe3HRRMfnAXFSZC836N3E,200000000
balances.Deposit,DGC4rANssfdpry7FQFznHo2b3QbDHyQZM58esJU6RskB41y,200000000
balances.Deposit,HqFz5RBczgtKrHQGav7DFZwSwrDXxKjLWc95mMDidVdfpwC,200000000
balances.Deposit,DFaiE6wT1caQ9u7eLkuphVQqbywWKzYjm5vRsMgk43GSb84,200000000
balances.Deposit,FXezGfeLvze1DWUwwEc8MczpLSMnZrSDrcA7Ghyc84NaXGt,200000000
balances.Deposit,GFR16KpdcT1ykqN3j7RqMfywfUBoeCRf26hu8mPnBmFD4T5,200000000
balances.Deposit,GSWsxFWwvfpppd4q5iBa3fiBp3twEGvtYZFWNRVF17And24,200000000
balances.Deposit,GCsSfxv6h9mQ27s93ggBwzfguT6V61kmh8iadKSXAgQgKs5,200000000
balances.Deposit,Hnfd2bJ224FQugYsaDvoj4v46HJieMeLe9UQzWtUR7wf5dh,200000000
balances.Deposit,ELhnYFneiAP819s1t7Zmn4rs1tBbcrWVnkeGw4JYKdVp6jL,200000000
balances.Deposit,FJaSzBUAJ1Nwa1u5TbKAFZG5MBtcUouTixdP7hAkmce2SDS,200000000
balances.Deposit,FJaSzBUAJ1Nwa1u5TbKAFZG5MBtcUouTixdP7hAkmce2SDS,200000000
balances.Deposit,HR2uzUvdSnidW3cNr7eJ4uz1WBNHUZnrxkFTAKCp61xWeza,200000000
balances.Deposit,HR2uzUvdSnidW3cNr7eJ4uz1WBNHUZnrxkFTAKCp61xWeza,200000000
balances.Deposit,FDDy3cQa7JXiChYU2xq1B2WUUJBpZpZ51qn2tiN1DqDMEpS,200000000
balances.Deposit,GX1P66n4ZfwrjuvJEJodRKLDh2HqfV7oSt7gASddYx9eTZ2,200000000
balances.Deposit,Cs7UFcNBsBV4Y65GsM3bDzpvinMKFQZyt6x9TrhVhc8ps4E,200000000
balances.Deposit,EGZEgucx8vTCSak5uBwwkPkZ7FiYCWYmhpMjWFupdMAq2BN,200000000
balances.Deposit,G7Ur4BnMSfP2qE7ruSob5gwGQ5nzkGWu7Yqh14FcMqnDtgB,200000000
balances.Deposit,DSTAS3WWKRU65keRD59WNDfECVaZ8YFPFUo8tVVmhb6Xb6v,200000000
balances.Deposit,F4LocUbsPrcC8xVap4wiTgDakzn3xFyXneuYDHRaHxnb6dH,200000000
balances.Deposit,Cm6QfCvV3vud3X6Zfg3yMBEnG6JFNsn6EzcZv6UyqTefkR1,200000000
balances.Deposit,EkXqBmacCbg6c5Y3q6VycAWk6i32E4yV6SVJnD6LtpFNtNc,200000000
balances.Deposit,FG2vPisy1ocUrZupvZxXvuPmjqkWPabBv96h9atGAoud5B9,200000000
balances.Deposit,FP3ZrvuLb5Cg3mCBhTd8jScgF2tjDou6EXY5fY4WAVo1CTi,200000000
balances.Deposit,EzU9s7bhDkqvZynyXLKjEVo5AgzMwq1eVr2g59YEtTY7PvQ,200000000
balances.Deposit,HNxuNtuTuvxYS59eo3pUxQ73JmoTCDjVXoiaF1wGCixGeFi,200000000
balances.Deposit,DuGZsgfYwQLn6LJNEysHob8ngAYBXmYk8GPWpQnCscd2MfB,200000000
balances.Deposit,JDA8ByXeJcn2BfNabC6WbBJKEBwM4k7oBVenVgJdzL32RJc,200000000
balances.Deposit,HqHeKZnc38rX2BJrmJiXfkqHUEUn56B9Nck6WgdiGeKUYBE,200000000
balances.Deposit,Eg2z2dcScFf4foDN4Gxn6JoJ7JeDN1U7m49jNssUZMLtNrD,200000000
balances.Deposit,Eo9RxTKq2WppUvRRycUmLFHJvHtBVoxURhDe78ZKmjoJfWN,200000000
balances.Deposit,F5bKg43gmapA6s1uYfZG7ERSiiJ6XX1nLtrThdoQfkZcyGy,200000000
balances.Deposit,Few2tfYD3wfyQXPCVkiqK8UGfuj5FK6ecadwfAmJQHBtASX,200000000
balances.Deposit,EPq4dzASVXqbt2N9vtrScgetyvkm8T3HKQhkyunSeicyX1g,200000000
balances.Deposit,EafgFRX24PTgJAjGoaDuQLXQiLX4daSFQQttzGVticSD18o,200000000
balances.Deposit,DzFnjVVVwqgtviDZBJ58UPJubZQXUHgrYZ1vvYG9YKtrFPs,200000000
balances.Deposit,HA5jB52fFL1v4EoEHV4WgEiFZr7wGLiuBDZtSmnwKypvat7,200000000
balances.Deposit,FrFq3P2pYTTidsCb9JHGY5WAg7QqpkK7s2iR9bC75Pyad3K,200000000
balances.Deposit,FP3ZrvuLb5Cg3mCBhTd8jScgF2tjDou6EXY5fY4WAVo1CTi,200000000
balances.Deposit,CdvyGjJbfcgcHuTyJKLGUA9u3kypCaHpohCEeUXmbTKryPR,200000000
balances.Deposit,JHTXKwYBhRZKWPW3nbtwtfE8dfRDYCS65cJXueMhg11k4cs,200000000
balances.Deposit,J1aHBD7YQ3xnSwgFJNokjsEo7NjLTf36ZEHD2LTpeo7KAq8,200000000
balances.Deposit,Gq4V2SSoTv2eyARrbeZ24YBDkudSuqdm7kDm8yYGk3kxEet,200000000
balances.Deposit,CzugcatJoSH4dGoU3oddqoyAFtaA8NXFjeDqLZEC7G41CEw,200000000
balances.Deposit,GbpLB9AZwVBBfecbMoTv3HCVb6irwN6y5YeA7uDNoUuRFrL,200000000
balances.Deposit,Ff9DYio1TgYTyDU9z8Howt9pXCnuUPmsCY1ijfLBxSsJahj,200000000
balances.Deposit,GX1P66n4ZfwrjuvJEJodRKLDh2HqfV7oSt7gASddYx9eTZ2,200000000
balances.Deposit,HnWZYpCsgvnfnzmJh5PLYYvWP9MMkyoCvGDPay92NTFbqpX,200000000
balances.Deposit,JLG7wZHeen93CuNZvNBQ5yqvreEHim4ffVYnYxxo8a5wsG5,200000000
